--insert the value 
the value of vehicle chains that reflect demand and supply according to users..

(1)--VALUES INSERT INTO vehicle_production
INSERT INTO vehicle_production
(production_id, price, brand, model, year, color, mileage, body_style, engine_type, cubic_capacity, seat_capacity, fuel_type, tansmission, region, state, city, pincode)
 VALUES
 (1, 500000, 'Maruti Suzuki', 'Swift', 2024, 'Black', 20, 'Hatchback', 'I4', 1200, 5, 'Petrol', 'Manual', 'North', 'Delhi', 'chandni chawk', 450004),
 (2, 750000, 'Hyundai',  'Creta', 2023, 'Blue', 18, 'SUV', 'H6', 1500, 5, 'Diesel', 'Automatic', 'South', 'Telangana', 'Hyderabad', 500001),
 (3, 1200000, 'Tata', 'Nexon EV', 2024, 'White', 300, 'SUV', 'EV1', 3000, 5, 'Electric', 'Automatic', 'West', 'Maharashtra', 'Mumbai', 400001),
 (4, 400000, 'Maruti Suzuki', 'Dzire', 2022, 'Grey', 22, 'Sedan', 'V4', 1200, 5, 'Petrol', 'Manual', 'East', 'West Bengal', 'Kolkata', 700001),
 (5, 800000, 'Kia', 'Seltos', 2024, 'Red', 16, 'SUV', 'PI4', 1400, 5, 'Petrol', 'Automatic', 'North', 'Punjab', 'Chandigarh', 160001),
 (6, 600000, 'Mahindra', 'Scorpio', 2024, 'Silver', 25, 'SUV', 'V4', 1200, 5, 'Petrol', 'Manual', 'West', 'Gujarat', 'Ahmedabad', 380001),
 (7, 1000000, 'Morris Garages','Aster', 2024, 'Orange', 400, 'SUV', 'H6', 3500, 5, 'Electric', 'Automatic', 'South', 'Karnataka', 'Bangalore', 560001),
 (8, 350000, 'Renault', 'Kwid', 2023, 'Yellow', 28, 'Hatchback', 'V4', 800, 5, 'Petrol', 'Manual', 'South', 'Tamil Nadu', 'Chennai', 600001),
 (9, 1500000, 'Toyota', 'Fortuner', 2024, 'Black', 14, 'SUV', 'I4', 2800, 7, 'Diesel', 'Automatic', 'North', 'Haryana', 'Gurgaon', 122001),
 (10, 900000, 'Honda', 'City', 2023, 'White', 20, 'Sedan', 'V4', 1500, 5, 'Petrol', 'Automatic', 'East', 'Odisha', 'Bhubaneswar', 751001),
 (11, 450000, 'Tata', 'Tiago', 2022, 'Blue', 24, 'Hatchback', 'I4', 1000, 5, 'Petrol', 'Manual', 'West', 'Goa', 'Panaji', 403001),
 (12, 850000, 'Kia', 'Sonet', 2024, 'Grey', 18, 'SUV', 'H6', 1400, 5, 'Petrol', 'Automatic', 'North', 'Uttar Pradesh', 'Lucknow', 226001),
 (13, 1100000, 'Hyundai', 'Verna', 2024, 'Red', 17, 'Sedan', 'I4', 1600, 5, 'Petrol', 'Automatic', 'South', 'Kerala', 'Thiruvananthapuram', 695001),
 (14, 650000, 'Maruti Suzuki', 'WagonR', 2023, 'Green', 30, 'Hatchback', 'EV1', 1000, 5, 'CNG', 'Manual', 'East', 'Jharkhand', 'Ranchi', 834001),
 (15, 1300000, 'Skoda', 'Rapid', 2024, 'White', 15, 'SUV', 'V4', 1500, 5, 'Petrol', 'Automatic', 'West', 'Maharashtra', 'Pune', 411001),
 (16, 420000, 'Datsun', 'redi-GO', 2024, 'Yellow', 25, 'Hatchback', 'H6', 800, 5, 'Petrol', 'Manual', 'South', 'Andhra Pradesh', 'Visakhapatnam', 530001),
 (17, 780000, 'Nissan', 'Magnite', 2024, 'Silver', 20, 'SUV', 'H6', 1000, 5, 'Petrol', 'Manual', 'West', 'Rajasthan', 'Jaipur', 302001),
 (18, 580000, 'Ford', 'Figo', 2023, 'Blue', 22, 'Hatchback', 'I4', 1200, 5, 'Petrol', 'Manual', 'North', 'Jammu and Kashmir', 'Srinagar', 190001),
 (19, 950000, 'Volkswagen', 'Virtus', 2024, 'Black', 18, 'Sedan', 'I4', 1500, 5, 'Petrol', 'Automatic', 'West', 'Madhya Pradesh', 'Bhopal', 462001),
 (20, 530000, 'Renault', 'Kwid Climber', 2024, 'Orange', 25, 'Hatchback', 'V4', 1000, 5, 'Petrol', 'Manual', 'South', 'Karnataka', 'Mysore', 570001),
 (21, 1400000, 'Jeep', 'Compass', 2024, 'Grey', 16, 'SUV', 'H6', 2000, 5, 'Diesel', 'Automatic', 'North', 'Chandigarh', 'Chandigarh', 160001),
 (22, 520000, 'Renault', 'Triber', 2022, 'Green', 26, 'Micro-SUV', 'V4', 1000, 7, 'Petrol', 'Manual', 'South', 'Karnataka', 'Mangalore', 575001),
 (23, 1200000, 'Morris Garage', 'Comet Max', 2024, 'White', 430, 'SUV', 'EV1', 4500, 5, 'Electric', 'Automatic', 'West', 'Goa', 'Panaji', 403001),
 (24, 1000000, 'Morris Garages', 'Hector', 2024, 'White', 14, 'SUV', 'I4', 1500, 5, 'Petrol', 'Automatic', 'North', 'Delhi', 'Delhi', 110001),
 (25, 480000, 'Maruti Suzuki', 'Celerio', 2023, 'Blue', 24, 'Hatchback', 'V4', 1000, 5, 'Petrol', 'Manual', 'East', 'West Bengal', 'Howrah', 71110),
 (26, 630000, 'Mahindra', 'Bolero', 2024, 'Silver', 18, 'SUV', 'H6', 2500, 7, 'Diesel', 'Manual', 'West', 'Maharashtra', 'Nagpur', 441101),
 (27, 1600000, 'Toyota', 'Innova Crysta', 2024, 'Grey', 15, 'Micro-SUV', 'H6', 2800, 7, 'Diesel', 'Automatic', 'North', 'Punjab', 'Jalandhar', 144001),
 (28, 830000, 'Tata', 'Nexon', 2023, 'Black', 20, 'SUV', 'H6', 1200, 5, 'Petrol', 'Manual', 'East', 'West Bengal', 'Asansol', 713301),
 (29, 1050000, 'Honda', 'Amaze', 2023, 'White', 20, 'Sedan', 'V4', 1500, 5, 'Petrol', 'Automatic', 'East', 'Odisha', 'Cuttack', 755785),
 (30, 720000, 'Tata', 'Punch', 2024, 'Red', 20, 'Micro-SUV', 'V4', 1200, 5, 'Petrol', 'Manual', 'West', 'Gujarat', 'Vadodara', 390001),
 (31, 550000, 'Datsun', 'Tonado', 2023, 'Yellow', 23, 'Hatchback', 'I4', 1000, 5, 'Petrol', 'Manual', 'South', 'Andhra Pradesh', 'Vijayawada', 520001),
 (32, 400000, 'Maruti	 Suzuki', 'Alto', 2022, 'Blue', 24, 'Hatchback', 'V4', 800, 5, 'Petrol', 'Manual', 'East', 'Jharkhand', 'Dhanbad', 826001),
 (33, 1700000, 'Ford', 'Mustang', 2024, 'Black', 12, 'Sedan', 'V4', 5000, 4, 'Petrol', 'Automatic', 'North', 'Delhi', 'NCR', 122002),
 (34, 920000, 'Skoda', 'Slavia', 2024, 'Grey', 18, 'Sedan', 'H6', 1500, 5, 'Petrol', 'Automatic', 'West', 'Maharashtra', 'Thane', 400601),
 (35, 680000, 'Hyundai', 'Grand Nios', 2023, 'Red', 20, 'Hatchback', 'V4', 1200, 5, 'Petrol', 'Manual', 'South', 'Kerala', 'Kochi', 682001)


(2)--VALUES INSERT INTO vehicle_sales
INSERT INTO vehicle_sales
 (sales_id, sales_date, sales_type, payment_mode, profit, production_id)
 VALUES
( 1, 2022, 'Cash', 'Online', 1000.56, 34),
( 2, 2021, 'Credit', 'Offline', 2345.78, 25),
( 3, 2022, 'Debit', 'Online', 567.89, 21),  
( 4, 2023, 'Cash', 'Offline', 8765.43, 16),
( 5, 2021, 'Debit', 'Online', 1234.56, 11),
( 6, 2024, 'Credit', 'Offline', 3456.78, 17),
( 7, 2021, 'Cash', 'Online', 987.65, 33),
( 8, 2022, 'Debit', 'Offline', 4567.89, 21),
( 9, 2021, 'Credit', 'Online', 123.45, 10), 
( 10, 2022, 'Cash', 'Offline', 5678.90, 9),
( 11, 2021, 'Debit', 'Online', 2345.67, 6),
( 12, 2021, 'Credit', 'Offline', 7890.12, 4),
( 13, 2023, 'Cash', 'Online', 1567.89, 13),
( 14, 2022, 'Debit', 'Offline', 456.78, 15),
( 15, 2021, 'Credit', 'Online', 987.65, 14),  
( 16, 2022, 'Cash', 'Offline', 3456.78, 33),
( 17, 2023, 'Debit', 'Online', 876.54, 7),
( 18, 2022, 'Credit', 'Offline', 1234.56, 3),
( 19, 2024, 'Cash', 'Online', 567.89, 8),
( 20, 2023, 'Debit', 'Offlin', 987.65, 19),
( 21, 2022, 'Credit', 'Online', 2987.65, 14),  
( 22, 2022, 'Cash', 'Offline', 3156.78, 33),
( 23, 2023, 'Debit', 'Online', 1876.54, 7),
( 24, 2022, 'Credit', 'Offline', 1734.56, 3),
( 25, 2024, 'Cash', 'Online', 1267.89, 8)


(3)--INSERT INTO vehicle_customer
 INSERT INTO vehicle_customer
 (cust_id, name, gender, age, contact, city, production_id, sales_id)
 VALUES
(1, 'Rahul Sharma', 'Male', 32, 9876543, 'Mumbai', 25, 10),
(2, 'Priya Kapoor','Female', 28, 8762190, 'Delhi', 15, 11),
(3, 'Amit Singh', 'male', 40, 7651089, 'Bangalore', 12, 13),
(4,'Anjali Devi', 'Female', 25, 6321987, 'Chennai', 13, 14),
(5, 'Vikram Patel', 'Male', 52, 5409876, 'Hyderabad', 19, 15),
(6, 'Sunita Kumar', 'Female', 38, 4398765, 'Ahmedabad', 23, 16),
(7, 'Rohit Mehta', 'Male', 22, 3210954,'Pune', 23, 17),
(8,'Ayesha Khan', 'Female', 35, 21098543, 'Lucknow',25, 18),
(9, 'Rajeev Gupta', 'Male', 45, 1098432, 'Kolkata',20, 19),
(10,'Preeti Joshi', 'Female', 20, 9874321, 'Jaipur',34, 20),
(11, 'Santosh Yadav', 'Male', 30, 9873201, 'Indore',32, 1),
(12, 'Manisha Rao', 'Female', 60, 8432091, 'Bhopal',33, 2),
(13, 'Mahesh Desai', 'Male', 18, 7654387, 'Chandigarh',29, 3),
(14, 'Swati Patel', 'Female', 42, 659876, 'Bhubaneswar',26, 4),
(15, 'Nikhil Bajaj', 'Male', 27, 5098765, 'Guwahati',24, 5),
(16, 'Riya Malhotra', 'Female', 33, 987654, 'Patna',31, 6),
(17, 'Saurav Sharma', 'Male', 55, 876543, 'Ranchi',21, 7),
(18, 'Neha Verma' ,'Female',21, 9876542, 'Dehradun',20, 8),
(19, 'Ashish Tripathi', 'Male', 48, 8765431, 'Shimla',19, 9),
(20, 'Pooja Agarwal', 'Female', 19, 654320, 'Raipur',22, 21),
(21, 'Mukesh Kumar', 'Male', 31, 553102, 'Jabalpur',20, 22),
(22, 'Anjali Roy', 'Female', 58, 8431092, 'Raipur',16, 23),
(23, 'Vivek Malhotra', 'Male', 17, 4310987, 'Prayagraj',18, 24),
(24, 'Isha Kapoor', 'Female', 40, 3109876, 'Gandhinagar',27, 25),
(25, 'Akash Patel', 'Male' ,25, 5098765, 'Odisa',19, 1),
(26, 'Virendra mishra', 'Male', 30, 5315502, 'Jaunpur',24, 25),
(27, 'Anjali dube', 'Female', 47, 84104792, 'Indore',23, 23),
(28, 'krishna roy', 'Male', 27, 43095787, 'Luchnow',28, 25),
(29, 'Ishwari rathod', 'Female', 35, 3095876, 'Chandigarh',31, 21),
(30, 'kanhaiya tiwari', 'Male' ,26, 50984765, 'Patliputra',25, 22)
